<?xml version="1.0" encoding="UTF-8" standalone="yes"?>
<addon id="repository.arcticfuse2custom"
       name="Arctic Fuse 2 Custom Repo"
       version="1.0.0"
       provider-name="nicolos68">

    <extension point="xbmc.addon.repository">
        <info>
https://nicolos68.github.io/arcticfuse2custom-repo/addons.xml
        </info>
        <checksum>
https://nicolos68.github.io/arcticfuse2custom-repo/addons.xml.md5
        </checksum>
        <datadir zip="true">
https://nicolos68.github.io/arcticfuse2custom-repo/repo/zips/
        </datadir>
    </extension>

    <extension point="xbmc.addon.metadata">
        <summary>Repo Arctic Fuse 2 Custom</summary>
        <description>Repository pour Arctic Fuse 2 Custom Pack</description>
        <platform>all</platform>
    </extension>

</addon>
