<?xml version="1.0" encoding="UTF-8"?>
<addon id="plugin.program.install.arcticfuse2.custom"
       name="Installer Arctic Fuse 2 Custom"
       version="1.0.0"
       provider-name="nicolos68">

    <extension point="xbmc.python.pluginsource"
               library="default.py">
        <provides>executable</provides>
    </extension>

    <extension point="xbmc.addon.metadata">
        <summary>Installation Arctic Fuse 2 Custom</summary>
        <description>
Installe le skin Arctic Fuse 2 officiel et applique les réglages personnalisés.
        </description>
        <platform>all</platform>
    </extension>

</addon>
