<?xml version="1.0" encoding="UTF-8"?>
<includes>

    <expression name="Exp_View_50">[[Container.Content(playlists) + [[String.IsEmpty(Container.PluginName)] | [!String.IsEmpty(Container.PluginName)]]] | [Container.Content(artists) + [[String.IsEmpty(Container.PluginName)] | [!String.IsEmpty(Container.PluginName)]]] | [Container.Content(albums) + [[String.IsEmpty(Container.PluginName)] | [!String.IsEmpty(Container.PluginName)]]] | [Container.Content(files) + [[String.IsEmpty(Container.PluginName)] | [!String.IsEmpty(Container.PluginName) + !String.IsEqual(Container.PluginName,plugin.video.vstream)]]] | [Container.Content(sources) + [[String.IsEmpty(Container.PluginName)] | [!String.IsEmpty(Container.PluginName)]]] | [Container.Content(addons) + [[String.IsEmpty(Container.PluginName)] | [!String.IsEmpty(Container.PluginName)]]] | [Container.Content() + String.IsEqual(Container.Property(param.info),watch_providers) + [[String.IsEmpty(Container.PluginName)] | [!String.IsEmpty(Container.PluginName)]]] | [Container.Content() + [String.IsEqual(Container.Property(param.info),dir_calendar_library) | String.IsEqual(Container.Property(param.info),dir_calendar_trakt)] + [[String.IsEmpty(Container.PluginName)] | [!String.IsEmpty(Container.PluginName)]]] | [Container.Content() + !Window.IsVisible(MyGames.xml) + !Window.IsVisible(MyPVRRecordings.xml) + !Window.IsVisible(MyPVRTimers.xml) + !Window.IsVisible(MyPVRSearch.xml) + !String.IsEqual(Container.Property(param.info),watch_providers) + ![String.IsEqual(Container.Property(param.info),dir_calendar_library) | String.IsEqual(Container.Property(param.info),dir_calendar_trakt)] + [[String.IsEmpty(Container.PluginName)] | [!String.IsEmpty(Container.PluginName) + !String.IsEqual(Container.PluginName,plugin.video.vstream) + !String.IsEqual(Container.PluginName,plugin.video.themoviedb.helper)]]]]</expression>
    <expression name="Exp_View_50_Include">True</expression>
    <expression name="Exp_View_51">[[Container.Content(images) + [[String.IsEmpty(Container.PluginName)] | [!String.IsEmpty(Container.PluginName)]]] | [Container.Content(videos) + [[String.IsEmpty(Container.PluginName)] | [!String.IsEmpty(Container.PluginName)]]] | [Container.Content(episodes) + [[String.IsEmpty(Container.PluginName)] | [!String.IsEmpty(Container.PluginName)]]] | [Container.Content(musicvideos) + [[String.IsEmpty(Container.PluginName)] | [!String.IsEmpty(Container.PluginName)]]] | [Container.Content(recordings) + [[String.IsEmpty(Container.PluginName)] | [!String.IsEmpty(Container.PluginName)]]] | [Container.Content(games) + [[String.IsEmpty(Container.PluginName)] | [!String.IsEmpty(Container.PluginName)]]] | [Container.Content() + Window.IsVisible(MyGames.xml) + [[String.IsEmpty(Container.PluginName)] | [!String.IsEmpty(Container.PluginName)]]] | [Container.Content() + Window.IsVisible(MyPVRRecordings.xml) + [[String.IsEmpty(Container.PluginName)] | [!String.IsEmpty(Container.PluginName)]]] | [Container.Content() + Window.IsVisible(MyPVRTimers.xml) + [[String.IsEmpty(Container.PluginName)] | [!String.IsEmpty(Container.PluginName)]]] | [Container.Content() + Window.IsVisible(MyPVRSearch.xml) + [[String.IsEmpty(Container.PluginName)] | [!String.IsEmpty(Container.PluginName)]]]]</expression>
    <expression name="Exp_View_51_Include">True</expression>
    <expression name="Exp_View_52">[[Container.Content(movies) + [[String.IsEmpty(Container.PluginName)] | [!String.IsEmpty(Container.PluginName) + !String.IsEqual(Container.PluginName,plugin.video.vstream) + !String.IsEqual(Container.PluginName,plugin.video.themoviedb.helper)]]] | [!String.IsEqual(Container.Property(param.info),episode_groups) + Container.Content(tvshows) + [[String.IsEmpty(Container.PluginName)] | [!String.IsEmpty(Container.PluginName) + !String.IsEqual(Container.PluginName,plugin.video.vstream) + !String.IsEqual(Container.PluginName,plugin.video.themoviedb.helper)]]]]</expression>
    <expression name="Exp_View_52_Include">True</expression>
    <expression name="Exp_View_53">[False]</expression>
    <expression name="Exp_View_53_Include">False</expression>
    <expression name="Exp_View_54">[False]</expression>
    <expression name="Exp_View_54_Include">False</expression>
    <expression name="Exp_View_57">[False]</expression>
    <expression name="Exp_View_57_Include">False</expression>
    <expression name="Exp_View_58">[False]</expression>
    <expression name="Exp_View_58_Include">False</expression>
    <expression name="Exp_View_59">[False]</expression>
    <expression name="Exp_View_59_Include">False</expression>
    <expression name="Exp_View_500">[False]</expression>
    <expression name="Exp_View_500_Include">False</expression>
    <expression name="Exp_View_510">[False]</expression>
    <expression name="Exp_View_510_Include">False</expression>
    <expression name="Exp_View_520">[[!String.IsEqual(Container.Property(param.info),episode_groups) + Container.Content(tvshows) + [String.IsEqual(Container.PluginName,plugin.video.vstream) | String.IsEqual(Container.PluginName,plugin.video.themoviedb.helper)]] | [Container.Content(movies) + [String.IsEqual(Container.PluginName,plugin.video.vstream) | String.IsEqual(Container.PluginName,plugin.video.themoviedb.helper)]]]</expression>
    <expression name="Exp_View_520_Include">True</expression>
    <expression name="Exp_View_530">[False]</expression>
    <expression name="Exp_View_530_Include">False</expression>
    <expression name="Exp_View_540">[False]</expression>
    <expression name="Exp_View_540_Include">False</expression>
    <expression name="Exp_View_560">[False]</expression>
    <expression name="Exp_View_560_Include">False</expression>
    <expression name="Exp_View_570">[False]</expression>
    <expression name="Exp_View_570_Include">False</expression>
    <expression name="Exp_View_580">[False]</expression>
    <expression name="Exp_View_580_Include">False</expression>
    <expression name="Exp_View_590">[False]</expression>
    <expression name="Exp_View_590_Include">False</expression>
    <expression name="Exp_View_502">[False]</expression>
    <expression name="Exp_View_502_Include">False</expression>
    <expression name="Exp_View_512">[[Container.Content(sets) + [[String.IsEmpty(Container.PluginName)] | [!String.IsEmpty(Container.PluginName)]]] | [String.IsEqual(Container.Property(param.info),episode_groups) + Container.Content(tvshows) + [[String.IsEmpty(Container.PluginName)] | [!String.IsEmpty(Container.PluginName)]]] | [!String.IsEqual(Container.Property(param.info),episode_group_seasons) + Container.Content(seasons) + [[String.IsEmpty(Container.PluginName)] | [!String.IsEmpty(Container.PluginName) + !String.IsEqual(Container.PluginName,plugin.video.vstream) + !String.IsEqual(Container.PluginName,plugin.video.themoviedb.helper)]]] | [String.IsEqual(Container.Property(param.info),episode_group_seasons) + Container.Content(seasons) + [[String.IsEmpty(Container.PluginName)] | [!String.IsEmpty(Container.PluginName)]]] | [Container.Content(videoversions) + [[String.IsEmpty(Container.PluginName)] | [!String.IsEmpty(Container.PluginName)]]] | [!Window.IsVisible(MyMusicNav.xml) + Container.Content(genres) + [[String.IsEmpty(Container.PluginName)] | [!String.IsEmpty(Container.PluginName) + !String.IsEqual(Container.PluginName,plugin.video.themoviedb.helper)]]] | [Window.IsVisible(MyMusicNav.xml) + Container.Content(genres) + [[String.IsEmpty(Container.PluginName)] | [!String.IsEmpty(Container.PluginName)]]] | [!Window.IsVisible(MyMusicNav.xml) + Container.Content(years) + [[String.IsEmpty(Container.PluginName)] | [!String.IsEmpty(Container.PluginName)]]] | [Window.IsVisible(MyMusicNav.xml) + Container.Content(years) + [[String.IsEmpty(Container.PluginName)] | [!String.IsEmpty(Container.PluginName)]]] | [Container.Content(studios) + [[String.IsEmpty(Container.PluginName)] | [!String.IsEmpty(Container.PluginName)]]] | [Container.Content(directors) + [[String.IsEmpty(Container.PluginName)] | [!String.IsEmpty(Container.PluginName)]]] | [Container.Content(countries) + [[String.IsEmpty(Container.PluginName)] | [!String.IsEmpty(Container.PluginName)]]] | [Container.Content(tags) + [[String.IsEmpty(Container.PluginName)] | [!String.IsEmpty(Container.PluginName)]]] | [Container.Content(roles) + [[String.IsEmpty(Container.PluginName)] | [!String.IsEmpty(Container.PluginName)]]] | [Container.Content(actors) + [[String.IsEmpty(Container.PluginName)] | [!String.IsEmpty(Container.PluginName)]]]]</expression>
    <expression name="Exp_View_512_Include">True</expression>
    <expression name="Exp_View_522">[False]</expression>
    <expression name="Exp_View_522_Include">False</expression>
    <expression name="Exp_View_532">[False]</expression>
    <expression name="Exp_View_532_Include">False</expression>
    <expression name="Exp_View_542">[False]</expression>
    <expression name="Exp_View_542_Include">False</expression>
    <expression name="Exp_View_572">[False]</expression>
    <expression name="Exp_View_572_Include">False</expression>
    <expression name="Exp_View_582">[False]</expression>
    <expression name="Exp_View_582_Include">False</expression>
    <expression name="Exp_View_592">[False]</expression>
    <expression name="Exp_View_592_Include">False</expression>
    <expression name="Exp_View_554">[[!String.IsEqual(Container.Property(param.info),episode_group_seasons) + Container.Content(seasons) + [String.IsEqual(Container.PluginName,plugin.video.vstream) | String.IsEqual(Container.PluginName,plugin.video.themoviedb.helper)]]]</expression>
    <expression name="Exp_View_554_Include">True</expression>
    <expression name="Exp_View_550">[False]</expression>
    <expression name="Exp_View_550_Include">False</expression>
    <expression name="Exp_View_551">[False]</expression>
    <expression name="Exp_View_551_Include">False</expression>
    <expression name="Exp_View_552">[[Container.Content(songs) + [[String.IsEmpty(Container.PluginName)] | [!String.IsEmpty(Container.PluginName)]]] | [Container.Content() + !Window.IsVisible(MyGames.xml) + !Window.IsVisible(MyPVRRecordings.xml) + !Window.IsVisible(MyPVRTimers.xml) + !Window.IsVisible(MyPVRSearch.xml) + !String.IsEqual(Container.Property(param.info),watch_providers) + ![String.IsEqual(Container.Property(param.info),dir_calendar_library) | String.IsEqual(Container.Property(param.info),dir_calendar_trakt)] + [String.IsEqual(Container.PluginName,plugin.video.vstream) | String.IsEqual(Container.PluginName,plugin.video.themoviedb.helper)]] | [Container.Content(files) + [String.IsEqual(Container.PluginName,plugin.video.vstream)]] | [!Window.IsVisible(MyMusicNav.xml) + Container.Content(genres) + [String.IsEqual(Container.PluginName,plugin.video.themoviedb.helper)]]]</expression>
    <expression name="Exp_View_552_Include">True</expression>
    <expression name="Exp_View_553">[False]</expression>
    <expression name="Exp_View_553_Include">False</expression>
    <expression name="Exp_View_557">[False]</expression>
    <expression name="Exp_View_557_Include">False</expression>
    <expression name="Exp_View_558">[False]</expression>
    <expression name="Exp_View_558_Include">False</expression>
    <expression name="Exp_View_561">[False]</expression>
    <expression name="Exp_View_561_Include">False</expression>
</includes>